id,x1,x2,y
70,0.6406570003978345,0.47817829713903165,0
128,1.8476590711503147,-0.1820281176546948,1
152,1.8224012021133786,0.3948749082315733,1
162,0.6734300546584652,-0.5327819794677036,1
258,2.1063239983303355,-0.10762490825085819,1
284,0.27953412600327315,1.0606134007739152,0
687,0.377798349742677,0.15303213746824873,1
780,0.2875058685202967,-0.21404817722526817,1
949,0.1158603589934537,0.24962657277221062,1
979,0.2736465844654721,-0.24179595790834507,1
